Date,UnitsSold,hashtag_count,avg_likes,InterestScore,weekday,month,lag_1,lag_7,lag_14,lag_30,rm_7,rm_30
2024-01-01,42.0,0.0,0.0,0.0,0,1,0.0,0.0,0.0,0.0,0.0,0.0
2024-01-02,0.0,0.0,0.0,0.0,1,1,42.0,0.0,0.0,0.0,42.0,42.0
2024-01-03,0.0,0.0,0.0,0.0,2,1,0.0,0.0,0.0,0.0,21.0,21.0
2024-01-04,0.0,0.0,0.0,0.0,3,1,0.0,0.0,0.0,0.0,14.0,14.0
2024-01-05,0.0,0.0,0.0,0.0,4,1,0.0,0.0,0.0,0.0,10.5,10.5
2024-01-06,0.0,0.0,0.0,0.0,5,1,0.0,0.0,0.0,0.0,8.4,8.4
2024-01-07,0.0,0.0,0.0,0.0,6,1,0.0,0.0,0.0,0.0,7.0,7.0
2024-01-08,0.0,0.0,0.0,0.0,0,1,0.0,42.0,0.0,0.0,6.0,6.0
2024-01-09,0.0,0.0,0.0,0.0,1,1,0.0,0.0,0.0,0.0,0.0,5.25
2024-01-10,0.0,0.0,0.0,0.0,2,1,0.0,0.0,0.0,0.0,0.0,4.666666666666667
2024-01-11,0.0,0.0,0.0,0.0,3,1,0.0,0.0,0.0,0.0,0.0,4.2
2024-01-12,0.0,0.0,0.0,0.0,4,1,0.0,0.0,0.0,0.0,0.0,3.8181818181818183
2024-01-13,0.0,0.0,0.0,0.0,5,1,0.0,0.0,0.0,0.0,0.0,3.5
2024-01-14,0.0,0.0,0.0,0.0,6,1,0.0,0.0,0.0,0.0,0.0,3.230769230769231
2024-01-15,0.0,0.0,0.0,0.0,0,1,0.0,0.0,42.0,0.0,0.0,3.0
2024-01-16,0.0,0.0,0.0,0.0,1,1,0.0,0.0,0.0,0.0,0.0,2.8
2024-01-17,0.0,0.0,0.0,0.0,2,1,0.0,0.0,0.0,0.0,0.0,2.625
2024-01-18,0.0,0.0,0.0,0.0,3,1,0.0,0.0,0.0,0.0,0.0,2.4705882352941178
2024-01-19,0.0,0.0,0.0,0.0,4,1,0.0,0.0,0.0,0.0,0.0,2.3333333333333335
2024-01-20,0.0,0.0,0.0,0.0,5,1,0.0,0.0,0.0,0.0,0.0,2.210526315789474
2024-01-21,0.0,0.0,0.0,0.0,6,1,0.0,0.0,0.0,0.0,0.0,2.1
2024-01-22,0.0,0.0,0.0,0.0,0,1,0.0,0.0,0.0,0.0,0.0,2.0
2024-01-23,0.0,0.0,0.0,0.0,1,1,0.0,0.0,0.0,0.0,0.0,1.9090909090909092
2024-01-24,0.0,0.0,0.0,0.0,2,1,0.0,0.0,0.0,0.0,0.0,1.826086956521739
2024-01-25,0.0,0.0,0.0,0.0,3,1,0.0,0.0,0.0,0.0,0.0,1.75
2024-01-26,0.0,0.0,0.0,0.0,4,1,0.0,0.0,0.0,0.0,0.0,1.68
2024-01-27,0.0,0.0,0.0,0.0,5,1,0.0,0.0,0.0,0.0,0.0,1.6153846153846154
2024-01-28,0.0,0.0,0.0,0.0,6,1,0.0,0.0,0.0,0.0,0.0,1.5555555555555556
2024-01-29,0.0,0.0,0.0,0.0,0,1,0.0,0.0,0.0,0.0,0.0,1.5
2024-01-30,0.0,0.0,0.0,0.0,1,1,0.0,0.0,0.0,0.0,0.0,1.4482758620689655
2024-01-31,0.0,0.0,0.0,0.0,2,1,0.0,0.0,0.0,42.0,0.0,1.4
2024-02-01,0.0,0.0,0.0,0.0,3,2,0.0,0.0,0.0,0.0,0.0,0.0
2024-02-02,0.0,0.0,0.0,0.0,4,2,0.0,0.0,0.0,0.0,0.0,0.0
2024-02-03,0.0,0.0,0.0,0.0,5,2,0.0,0.0,0.0,0.0,0.0,0.0
2024-02-04,0.0,0.0,0.0,0.0,6,2,0.0,0.0,0.0,0.0,0.0,0.0
2024-02-05,0.0,0.0,0.0,0.0,0,2,0.0,0.0,0.0,0.0,0.0,0.0
2024-02-06,0.0,0.0,0.0,0.0,1,2,0.0,0.0,0.0,0.0,0.0,0.0
2024-02-07,0.0,0.0,0.0,0.0,2,2,0.0,0.0,0.0,0.0,0.0,0.0
2024-02-08,0.0,0.0,0.0,0.0,3,2,0.0,0.0,0.0,0.0,0.0,0.0
2024-02-09,0.0,0.0,0.0,0.0,4,2,0.0,0.0,0.0,0.0,0.0,0.0
2024-02-10,0.0,0.0,0.0,0.0,5,2,0.0,0.0,0.0,0.0,0.0,0.0
2024-02-11,0.0,0.0,0.0,0.0,6,2,0.0,0.0,0.0,0.0,0.0,0.0
2024-02-12,0.0,0.0,0.0,0.0,0,2,0.0,0.0,0.0,0.0,0.0,0.0
2024-02-13,0.0,0.0,0.0,0.0,1,2,0.0,0.0,0.0,0.0,0.0,0.0
2024-02-14,0.0,0.0,0.0,0.0,2,2,0.0,0.0,0.0,0.0,0.0,0.0
2024-02-15,0.0,0.0,0.0,0.0,3,2,0.0,0.0,0.0,0.0,0.0,0.0
2024-02-16,0.0,0.0,0.0,0.0,4,2,0.0,0.0,0.0,0.0,0.0,0.0
2024-02-17,0.0,0.0,0.0,0.0,5,2,0.0,0.0,0.0,0.0,0.0,0.0
2024-02-18,0.0,0.0,0.0,0.0,6,2,0.0,0.0,0.0,0.0,0.0,0.0
2024-02-19,0.0,0.0,0.0,0.0,0,2,0.0,0.0,0.0,0.0,0.0,0.0
2024-02-20,0.0,0.0,0.0,0.0,1,2,0.0,0.0,0.0,0.0,0.0,0.0
2024-02-21,39.0,0.0,0.0,0.0,2,2,0.0,0.0,0.0,0.0,0.0,0.0
2024-02-22,48.0,0.0,0.0,0.0,3,2,39.0,0.0,0.0,0.0,5.571428571428571,1.3
2024-02-23,0.0,0.0,0.0,0.0,4,2,48.0,0.0,0.0,0.0,12.428571428571429,2.9
2024-02-24,0.0,0.0,0.0,0.0,5,2,0.0,0.0,0.0,0.0,12.428571428571429,2.9
2024-02-25,0.0,0.0,0.0,0.0,6,2,0.0,0.0,0.0,0.0,12.428571428571429,2.9
2024-02-26,0.0,0.0,0.0,0.0,0,2,0.0,0.0,0.0,0.0,12.428571428571429,2.9
2024-02-27,0.0,0.0,0.0,0.0,1,2,0.0,0.0,0.0,0.0,12.428571428571429,2.9
2024-02-28,0.0,0.0,0.0,0.0,2,2,0.0,39.0,0.0,0.0,12.428571428571429,2.9
2024-02-29,0.0,0.0,0.0,0.0,3,2,0.0,48.0,0.0,0.0,6.857142857142857,2.9
2024-03-01,0.0,0.0,0.0,0.0,4,3,0.0,0.0,0.0,0.0,0.0,2.9
2024-03-02,0.0,0.0,0.0,0.0,5,3,0.0,0.0,0.0,0.0,0.0,2.9
2024-03-03,0.0,0.0,0.0,0.0,6,3,0.0,0.0,0.0,0.0,0.0,2.9
2024-03-04,0.0,0.0,0.0,0.0,0,3,0.0,0.0,0.0,0.0,0.0,2.9
2024-03-05,0.0,0.0,0.0,0.0,1,3,0.0,0.0,0.0,0.0,0.0,2.9
2024-03-06,0.0,0.0,0.0,0.0,2,3,0.0,0.0,39.0,0.0,0.0,2.9
2024-03-07,0.0,0.0,0.0,0.0,3,3,0.0,0.0,48.0,0.0,0.0,2.9
2024-03-08,0.0,0.0,0.0,0.0,4,3,0.0,0.0,0.0,0.0,0.0,2.9
2024-03-09,0.0,0.0,0.0,0.0,5,3,0.0,0.0,0.0,0.0,0.0,2.9
2024-03-10,0.0,0.0,0.0,0.0,6,3,0.0,0.0,0.0,0.0,0.0,2.9
2024-03-11,0.0,0.0,0.0,0.0,0,3,0.0,0.0,0.0,0.0,0.0,2.9
2024-03-12,0.0,0.0,0.0,0.0,1,3,0.0,0.0,0.0,0.0,0.0,2.9
2024-03-13,0.0,0.0,0.0,0.0,2,3,0.0,0.0,0.0,0.0,0.0,2.9
2024-03-14,0.0,0.0,0.0,0.0,3,3,0.0,0.0,0.0,0.0,0.0,2.9
2024-03-15,0.0,0.0,0.0,0.0,4,3,0.0,0.0,0.0,0.0,0.0,2.9
2024-03-16,0.0,0.0,0.0,0.0,5,3,0.0,0.0,0.0,0.0,0.0,2.9
2024-03-17,0.0,0.0,0.0,0.0,6,3,0.0,0.0,0.0,0.0,0.0,2.9
2024-03-18,0.0,0.0,0.0,0.0,0,3,0.0,0.0,0.0,0.0,0.0,2.9
2024-03-19,0.0,0.0,0.0,0.0,1,3,0.0,0.0,0.0,0.0,0.0,2.9
2024-03-20,0.0,0.0,0.0,0.0,2,3,0.0,0.0,0.0,0.0,0.0,2.9
2024-03-21,0.0,0.0,0.0,0.0,3,3,0.0,0.0,0.0,0.0,0.0,2.9
2024-03-22,0.0,0.0,0.0,0.0,4,3,0.0,0.0,0.0,39.0,0.0,2.9
2024-03-23,0.0,0.0,0.0,0.0,5,3,0.0,0.0,0.0,48.0,0.0,1.6
2024-03-24,0.0,0.0,0.0,0.0,6,3,0.0,0.0,0.0,0.0,0.0,0.0
2024-03-25,0.0,0.0,0.0,0.0,0,3,0.0,0.0,0.0,0.0,0.0,0.0
2024-03-26,0.0,0.0,0.0,0.0,1,3,0.0,0.0,0.0,0.0,0.0,0.0
2024-03-27,22.0,0.0,0.0,0.0,2,3,0.0,0.0,0.0,0.0,0.0,0.0
2024-03-28,0.0,0.0,0.0,0.0,3,3,22.0,0.0,0.0,0.0,3.142857142857143,0.7333333333333333
2024-03-29,0.0,0.0,0.0,0.0,4,3,0.0,0.0,0.0,0.0,3.142857142857143,0.7333333333333333
2024-03-30,0.0,0.0,0.0,0.0,5,3,0.0,0.0,0.0,0.0,3.142857142857143,0.7333333333333333
2024-03-31,0.0,0.0,0.0,0.0,6,3,0.0,0.0,0.0,0.0,3.142857142857143,0.7333333333333333
2024-04-01,0.0,0.0,0.0,0.0,0,4,0.0,0.0,0.0,0.0,3.142857142857143,0.7333333333333333
2024-04-02,0.0,0.0,0.0,0.0,1,4,0.0,0.0,0.0,0.0,3.142857142857143,0.7333333333333333
2024-04-03,0.0,0.0,0.0,0.0,2,4,0.0,22.0,0.0,0.0,3.142857142857143,0.7333333333333333
2024-04-04,0.0,0.0,0.0,0.0,3,4,0.0,0.0,0.0,0.0,0.0,0.7333333333333333
2024-04-05,0.0,0.0,0.0,0.0,4,4,0.0,0.0,0.0,0.0,0.0,0.7333333333333333
2024-04-06,0.0,0.0,0.0,0.0,5,4,0.0,0.0,0.0,0.0,0.0,0.7333333333333333
2024-04-07,0.0,0.0,0.0,0.0,6,4,0.0,0.0,0.0,0.0,0.0,0.7333333333333333
2024-04-08,0.0,0.0,0.0,0.0,0,4,0.0,0.0,0.0,0.0,0.0,0.7333333333333333
2024-04-09,0.0,0.0,0.0,0.0,1,4,0.0,0.0,0.0,0.0,0.0,0.7333333333333333
2024-04-10,0.0,0.0,0.0,0.0,2,4,0.0,0.0,22.0,0.0,0.0,0.7333333333333333
2024-04-11,0.0,0.0,0.0,0.0,3,4,0.0,0.0,0.0,0.0,0.0,0.7333333333333333
2024-04-12,0.0,0.0,0.0,0.0,4,4,0.0,0.0,0.0,0.0,0.0,0.7333333333333333
2024-04-13,0.0,0.0,0.0,0.0,5,4,0.0,0.0,0.0,0.0,0.0,0.7333333333333333
2024-04-14,0.0,0.0,0.0,0.0,6,4,0.0,0.0,0.0,0.0,0.0,0.7333333333333333
2024-04-15,0.0,0.0,0.0,0.0,0,4,0.0,0.0,0.0,0.0,0.0,0.7333333333333333
2024-04-16,0.0,0.0,0.0,0.0,1,4,0.0,0.0,0.0,0.0,0.0,0.7333333333333333
2024-04-17,0.0,0.0,0.0,0.0,2,4,0.0,0.0,0.0,0.0,0.0,0.7333333333333333
2024-04-18,0.0,0.0,0.0,0.0,3,4,0.0,0.0,0.0,0.0,0.0,0.7333333333333333
2024-04-19,0.0,0.0,0.0,0.0,4,4,0.0,0.0,0.0,0.0,0.0,0.7333333333333333
2024-04-20,0.0,0.0,0.0,0.0,5,4,0.0,0.0,0.0,0.0,0.0,0.7333333333333333
2024-04-21,0.0,0.0,0.0,0.0,6,4,0.0,0.0,0.0,0.0,0.0,0.7333333333333333
2024-04-22,0.0,0.0,0.0,0.0,0,4,0.0,0.0,0.0,0.0,0.0,0.7333333333333333
2024-04-23,0.0,0.0,0.0,0.0,1,4,0.0,0.0,0.0,0.0,0.0,0.7333333333333333
2024-04-24,0.0,0.0,0.0,0.0,2,4,0.0,0.0,0.0,0.0,0.0,0.7333333333333333
2024-04-25,0.0,0.0,0.0,0.0,3,4,0.0,0.0,0.0,0.0,0.0,0.7333333333333333
2024-04-26,0.0,0.0,0.0,0.0,4,4,0.0,0.0,0.0,22.0,0.0,0.7333333333333333
2024-04-27,0.0,0.0,0.0,0.0,5,4,0.0,0.0,0.0,0.0,0.0,0.0
2024-04-28,0.0,0.0,0.0,0.0,6,4,0.0,0.0,0.0,0.0,0.0,0.0
2024-04-29,0.0,0.0,0.0,0.0,0,4,0.0,0.0,0.0,0.0,0.0,0.0
2024-04-30,0.0,0.0,0.0,0.0,1,4,0.0,0.0,0.0,0.0,0.0,0.0
2024-05-01,0.0,0.0,0.0,0.0,2,5,0.0,0.0,0.0,0.0,0.0,0.0
2024-05-02,43.0,0.0,0.0,0.0,3,5,0.0,0.0,0.0,0.0,0.0,0.0
2024-05-03,0.0,0.0,0.0,0.0,4,5,43.0,0.0,0.0,0.0,6.142857142857143,1.4333333333333333
2024-05-04,0.0,0.0,0.0,0.0,5,5,0.0,0.0,0.0,0.0,6.142857142857143,1.4333333333333333
2024-05-05,0.0,0.0,0.0,0.0,6,5,0.0,0.0,0.0,0.0,6.142857142857143,1.4333333333333333
2024-05-06,0.0,0.0,0.0,0.0,0,5,0.0,0.0,0.0,0.0,6.142857142857143,1.4333333333333333
2024-05-07,0.0,0.0,0.0,0.0,1,5,0.0,0.0,0.0,0.0,6.142857142857143,1.4333333333333333
2024-05-08,0.0,0.0,0.0,0.0,2,5,0.0,0.0,0.0,0.0,6.142857142857143,1.4333333333333333
2024-05-09,0.0,0.0,0.0,0.0,3,5,0.0,43.0,0.0,0.0,6.142857142857143,1.4333333333333333
2024-05-10,0.0,0.0,0.0,0.0,4,5,0.0,0.0,0.0,0.0,0.0,1.4333333333333333
2024-05-11,0.0,0.0,0.0,0.0,5,5,0.0,0.0,0.0,0.0,0.0,1.4333333333333333
2024-05-12,0.0,0.0,0.0,0.0,6,5,0.0,0.0,0.0,0.0,0.0,1.4333333333333333
2024-05-13,0.0,0.0,0.0,0.0,0,5,0.0,0.0,0.0,0.0,0.0,1.4333333333333333
2024-05-14,0.0,0.0,0.0,0.0,1,5,0.0,0.0,0.0,0.0,0.0,1.4333333333333333
2024-05-15,0.0,0.0,0.0,0.0,2,5,0.0,0.0,0.0,0.0,0.0,1.4333333333333333
2024-05-16,0.0,0.0,0.0,0.0,3,5,0.0,0.0,43.0,0.0,0.0,1.4333333333333333
2024-05-17,0.0,0.0,0.0,0.0,4,5,0.0,0.0,0.0,0.0,0.0,1.4333333333333333
2024-05-18,0.0,0.0,0.0,0.0,5,5,0.0,0.0,0.0,0.0,0.0,1.4333333333333333
2024-05-19,0.0,0.0,0.0,0.0,6,5,0.0,0.0,0.0,0.0,0.0,1.4333333333333333
2024-05-20,0.0,0.0,0.0,0.0,0,5,0.0,0.0,0.0,0.0,0.0,1.4333333333333333
2024-05-21,0.0,0.0,0.0,0.0,1,5,0.0,0.0,0.0,0.0,0.0,1.4333333333333333
2024-05-22,0.0,0.0,0.0,0.0,2,5,0.0,0.0,0.0,0.0,0.0,1.4333333333333333
2024-05-23,0.0,0.0,0.0,0.0,3,5,0.0,0.0,0.0,0.0,0.0,1.4333333333333333
2024-05-24,0.0,0.0,0.0,0.0,4,5,0.0,0.0,0.0,0.0,0.0,1.4333333333333333
2024-05-25,31.0,0.0,0.0,0.0,5,5,0.0,0.0,0.0,0.0,0.0,1.4333333333333333
2024-05-26,0.0,0.0,0.0,0.0,6,5,31.0,0.0,0.0,0.0,4.428571428571429,2.466666666666667
2024-05-27,0.0,0.0,0.0,0.0,0,5,0.0,0.0,0.0,0.0,4.428571428571429,2.466666666666667
2024-05-28,0.0,0.0,0.0,0.0,1,5,0.0,0.0,0.0,0.0,4.428571428571429,2.466666666666667
2024-05-29,0.0,0.0,0.0,0.0,2,5,0.0,0.0,0.0,0.0,4.428571428571429,2.466666666666667
2024-05-30,0.0,0.0,0.0,0.0,3,5,0.0,0.0,0.0,0.0,4.428571428571429,2.466666666666667
2024-05-31,0.0,0.0,0.0,0.0,4,5,0.0,0.0,0.0,0.0,4.428571428571429,2.466666666666667
2024-06-01,0.0,0.0,0.0,0.0,5,6,0.0,31.0,0.0,43.0,4.428571428571429,2.466666666666667
2024-06-02,0.0,0.0,0.0,0.0,6,6,0.0,0.0,0.0,0.0,0.0,1.0333333333333334
2024-06-03,0.0,0.0,0.0,0.0,0,6,0.0,0.0,0.0,0.0,0.0,1.0333333333333334
2024-06-04,0.0,0.0,0.0,0.0,1,6,0.0,0.0,0.0,0.0,0.0,1.0333333333333334
2024-06-05,0.0,0.0,0.0,0.0,2,6,0.0,0.0,0.0,0.0,0.0,1.0333333333333334
2024-06-06,0.0,0.0,0.0,0.0,3,6,0.0,0.0,0.0,0.0,0.0,1.0333333333333334
2024-06-07,0.0,0.0,0.0,0.0,4,6,0.0,0.0,0.0,0.0,0.0,1.0333333333333334
2024-06-08,0.0,0.0,0.0,0.0,5,6,0.0,0.0,31.0,0.0,0.0,1.0333333333333334
2024-06-09,0.0,0.0,0.0,0.0,6,6,0.0,0.0,0.0,0.0,0.0,1.0333333333333334
2024-06-10,0.0,0.0,0.0,0.0,0,6,0.0,0.0,0.0,0.0,0.0,1.0333333333333334
2024-06-11,0.0,0.0,0.0,0.0,1,6,0.0,0.0,0.0,0.0,0.0,1.0333333333333334
2024-06-12,0.0,0.0,0.0,0.0,2,6,0.0,0.0,0.0,0.0,0.0,1.0333333333333334
2024-06-13,0.0,0.0,0.0,0.0,3,6,0.0,0.0,0.0,0.0,0.0,1.0333333333333334
2024-06-14,0.0,0.0,0.0,0.0,4,6,0.0,0.0,0.0,0.0,0.0,1.0333333333333334
2024-06-15,0.0,0.0,0.0,0.0,5,6,0.0,0.0,0.0,0.0,0.0,1.0333333333333334
2024-06-16,0.0,0.0,0.0,0.0,6,6,0.0,0.0,0.0,0.0,0.0,1.0333333333333334
2024-06-17,0.0,0.0,0.0,0.0,0,6,0.0,0.0,0.0,0.0,0.0,1.0333333333333334
2024-06-18,0.0,0.0,0.0,0.0,1,6,0.0,0.0,0.0,0.0,0.0,1.0333333333333334
2024-06-19,0.0,0.0,0.0,0.0,2,6,0.0,0.0,0.0,0.0,0.0,1.0333333333333334
2024-06-20,0.0,0.0,0.0,0.0,3,6,0.0,0.0,0.0,0.0,0.0,1.0333333333333334
2024-06-21,41.0,0.0,0.0,0.0,4,6,0.0,0.0,0.0,0.0,0.0,1.0333333333333334
2024-06-22,0.0,0.0,0.0,0.0,5,6,41.0,0.0,0.0,0.0,5.857142857142857,2.4
2024-06-23,0.0,0.0,0.0,0.0,6,6,0.0,0.0,0.0,0.0,5.857142857142857,2.4
2024-06-24,0.0,0.0,0.0,0.0,0,6,0.0,0.0,0.0,31.0,5.857142857142857,2.4
2024-06-25,0.0,0.0,0.0,0.0,1,6,0.0,0.0,0.0,0.0,5.857142857142857,1.3666666666666667
2024-06-26,0.0,0.0,0.0,0.0,2,6,0.0,0.0,0.0,0.0,5.857142857142857,1.3666666666666667
2024-06-27,0.0,0.0,0.0,0.0,3,6,0.0,0.0,0.0,0.0,5.857142857142857,1.3666666666666667
2024-06-28,0.0,0.0,0.0,0.0,4,6,0.0,41.0,0.0,0.0,5.857142857142857,1.3666666666666667
2024-06-29,0.0,0.0,0.0,0.0,5,6,0.0,0.0,0.0,0.0,0.0,1.3666666666666667
2024-06-30,0.0,0.0,0.0,0.0,6,6,0.0,0.0,0.0,0.0,0.0,1.3666666666666667
2024-07-01,0.0,0.0,0.0,0.0,0,7,0.0,0.0,0.0,0.0,0.0,1.3666666666666667
2024-07-02,0.0,0.0,0.0,0.0,1,7,0.0,0.0,0.0,0.0,0.0,1.3666666666666667
2024-07-03,0.0,0.0,0.0,0.0,2,7,0.0,0.0,0.0,0.0,0.0,1.3666666666666667
2024-07-04,0.0,0.0,0.0,0.0,3,7,0.0,0.0,0.0,0.0,0.0,1.3666666666666667
2024-07-05,0.0,0.0,0.0,0.0,4,7,0.0,0.0,41.0,0.0,0.0,1.3666666666666667
2024-07-06,0.0,0.0,0.0,0.0,5,7,0.0,0.0,0.0,0.0,0.0,1.3666666666666667
2024-07-07,0.0,0.0,0.0,0.0,6,7,0.0,0.0,0.0,0.0,0.0,1.3666666666666667
2024-07-08,0.0,0.0,0.0,0.0,0,7,0.0,0.0,0.0,0.0,0.0,1.3666666666666667
2024-07-09,0.0,0.0,0.0,0.0,1,7,0.0,0.0,0.0,0.0,0.0,1.3666666666666667
2024-07-10,0.0,0.0,0.0,0.0,2,7,0.0,0.0,0.0,0.0,0.0,1.3666666666666667
2024-07-11,0.0,0.0,0.0,0.0,3,7,0.0,0.0,0.0,0.0,0.0,1.3666666666666667
2024-07-12,0.0,0.0,0.0,0.0,4,7,0.0,0.0,0.0,0.0,0.0,1.3666666666666667
2024-07-13,17.0,0.0,0.0,0.0,5,7,0.0,0.0,0.0,0.0,0.0,1.3666666666666667
2024-07-14,0.0,0.0,0.0,0.0,6,7,17.0,0.0,0.0,0.0,2.4285714285714284,1.9333333333333333
2024-07-15,0.0,0.0,0.0,0.0,0,7,0.0,0.0,0.0,0.0,2.4285714285714284,1.9333333333333333
2024-07-16,0.0,0.0,0.0,0.0,1,7,0.0,0.0,0.0,0.0,2.4285714285714284,1.9333333333333333
2024-07-17,0.0,0.0,0.0,0.0,2,7,0.0,0.0,0.0,0.0,2.4285714285714284,1.9333333333333333
2024-07-18,0.0,0.0,0.0,0.0,3,7,0.0,0.0,0.0,0.0,2.4285714285714284,1.9333333333333333
2024-07-19,0.0,0.0,0.0,0.0,4,7,0.0,0.0,0.0,0.0,2.4285714285714284,1.9333333333333333
2024-07-20,0.0,0.0,0.0,0.0,5,7,0.0,17.0,0.0,0.0,2.4285714285714284,1.9333333333333333
2024-07-21,0.0,0.0,0.0,0.0,6,7,0.0,0.0,0.0,41.0,0.0,1.9333333333333333
2024-07-22,0.0,0.0,0.0,0.0,0,7,0.0,0.0,0.0,0.0,0.0,0.5666666666666667
2024-07-23,0.0,0.0,0.0,0.0,1,7,0.0,0.0,0.0,0.0,0.0,0.5666666666666667
2024-07-24,0.0,0.0,0.0,0.0,2,7,0.0,0.0,0.0,0.0,0.0,0.5666666666666667
2024-07-25,0.0,0.0,0.0,0.0,3,7,0.0,0.0,0.0,0.0,0.0,0.5666666666666667
2024-07-26,0.0,0.0,0.0,0.0,4,7,0.0,0.0,0.0,0.0,0.0,0.5666666666666667
2024-07-27,0.0,0.0,0.0,0.0,5,7,0.0,0.0,17.0,0.0,0.0,0.5666666666666667
2024-07-28,0.0,0.0,0.0,0.0,6,7,0.0,0.0,0.0,0.0,0.0,0.5666666666666667
2024-07-29,0.0,0.0,0.0,0.0,0,7,0.0,0.0,0.0,0.0,0.0,0.5666666666666667
2024-07-30,0.0,0.0,0.0,0.0,1,7,0.0,0.0,0.0,0.0,0.0,0.5666666666666667
2024-07-31,0.0,0.0,0.0,0.0,2,7,0.0,0.0,0.0,0.0,0.0,0.5666666666666667
2024-08-01,0.0,0.0,0.0,0.0,3,8,0.0,0.0,0.0,0.0,0.0,0.5666666666666667
2024-08-02,0.0,0.0,0.0,0.0,4,8,0.0,0.0,0.0,0.0,0.0,0.5666666666666667
2024-08-03,0.0,0.0,0.0,0.0,5,8,0.0,0.0,0.0,0.0,0.0,0.5666666666666667
2024-08-04,0.0,0.0,0.0,0.0,6,8,0.0,0.0,0.0,0.0,0.0,0.5666666666666667
2024-08-05,21.0,0.0,0.0,0.0,0,8,0.0,0.0,0.0,0.0,0.0,0.5666666666666667
2024-08-06,0.0,0.0,0.0,0.0,1,8,21.0,0.0,0.0,0.0,3.0,1.2666666666666666
2024-08-07,0.0,0.0,0.0,0.0,2,8,0.0,0.0,0.0,0.0,3.0,1.2666666666666666
2024-08-08,0.0,0.0,0.0,0.0,3,8,0.0,0.0,0.0,0.0,3.0,1.2666666666666666
2024-08-09,0.0,0.0,0.0,0.0,4,8,0.0,0.0,0.0,0.0,3.0,1.2666666666666666
2024-08-10,0.0,0.0,0.0,0.0,5,8,0.0,0.0,0.0,0.0,3.0,1.2666666666666666
2024-08-11,0.0,0.0,0.0,0.0,6,8,0.0,0.0,0.0,0.0,3.0,1.2666666666666666
2024-08-12,8.0,0.0,0.0,0.0,0,8,0.0,21.0,0.0,17.0,3.0,1.2666666666666666
2024-08-13,0.0,0.0,0.0,0.0,1,8,8.0,0.0,0.0,0.0,1.1428571428571428,0.9666666666666667
2024-08-14,0.0,0.0,0.0,0.0,2,8,0.0,0.0,0.0,0.0,1.1428571428571428,0.9666666666666667
2024-08-15,0.0,0.0,0.0,0.0,3,8,0.0,0.0,0.0,0.0,1.1428571428571428,0.9666666666666667
2024-08-16,0.0,0.0,0.0,0.0,4,8,0.0,0.0,0.0,0.0,1.1428571428571428,0.9666666666666667
2024-08-17,0.0,0.0,0.0,0.0,5,8,0.0,0.0,0.0,0.0,1.1428571428571428,0.9666666666666667
2024-08-18,0.0,0.0,0.0,0.0,6,8,0.0,0.0,0.0,0.0,1.1428571428571428,0.9666666666666667
2024-08-19,0.0,0.0,0.0,0.0,0,8,0.0,8.0,21.0,0.0,1.1428571428571428,0.9666666666666667
2024-08-20,0.0,0.0,0.0,0.0,1,8,0.0,0.0,0.0,0.0,0.0,0.9666666666666667
2024-08-21,0.0,0.0,0.0,0.0,2,8,0.0,0.0,0.0,0.0,0.0,0.9666666666666667
2024-08-22,0.0,0.0,0.0,0.0,3,8,0.0,0.0,0.0,0.0,0.0,0.9666666666666667
2024-08-23,0.0,0.0,0.0,0.0,4,8,0.0,0.0,0.0,0.0,0.0,0.9666666666666667
2024-08-24,0.0,0.0,0.0,0.0,5,8,0.0,0.0,0.0,0.0,0.0,0.9666666666666667
2024-08-25,0.0,0.0,0.0,0.0,6,8,0.0,0.0,0.0,0.0,0.0,0.9666666666666667
2024-08-26,0.0,0.0,0.0,0.0,0,8,0.0,0.0,8.0,0.0,0.0,0.9666666666666667
2024-08-27,0.0,0.0,0.0,0.0,1,8,0.0,0.0,0.0,0.0,0.0,0.9666666666666667
2024-08-28,0.0,0.0,0.0,0.0,2,8,0.0,0.0,0.0,0.0,0.0,0.9666666666666667
2024-08-29,0.0,0.0,0.0,0.0,3,8,0.0,0.0,0.0,0.0,0.0,0.9666666666666667
2024-08-30,0.0,0.0,0.0,0.0,4,8,0.0,0.0,0.0,0.0,0.0,0.9666666666666667
2024-08-31,0.0,0.0,0.0,0.0,5,8,0.0,0.0,0.0,0.0,0.0,0.9666666666666667
2024-09-01,0.0,0.0,0.0,0.0,6,9,0.0,0.0,0.0,0.0,0.0,0.9666666666666667
2024-09-02,0.0,0.0,0.0,0.0,0,9,0.0,0.0,0.0,0.0,0.0,0.9666666666666667
2024-09-03,0.0,0.0,0.0,0.0,1,9,0.0,0.0,0.0,0.0,0.0,0.9666666666666667
2024-09-04,0.0,0.0,0.0,0.0,2,9,0.0,0.0,0.0,21.0,0.0,0.9666666666666667
2024-09-05,0.0,0.0,0.0,0.0,3,9,0.0,0.0,0.0,0.0,0.0,0.26666666666666666
2024-09-06,7.0,0.0,0.0,0.0,4,9,0.0,0.0,0.0,0.0,0.0,0.26666666666666666
2024-09-07,0.0,0.0,0.0,0.0,5,9,7.0,0.0,0.0,0.0,1.0,0.5
2024-09-08,0.0,0.0,0.0,0.0,6,9,0.0,0.0,0.0,0.0,1.0,0.5
2024-09-09,0.0,0.0,0.0,0.0,0,9,0.0,0.0,0.0,0.0,1.0,0.5
2024-09-10,0.0,0.0,0.0,0.0,1,9,0.0,0.0,0.0,0.0,1.0,0.5
2024-09-11,0.0,0.0,0.0,0.0,2,9,0.0,0.0,0.0,8.0,1.0,0.5
2024-09-12,0.0,0.0,0.0,0.0,3,9,0.0,0.0,0.0,0.0,1.0,0.23333333333333334
2024-09-13,0.0,0.0,0.0,0.0,4,9,0.0,7.0,0.0,0.0,1.0,0.23333333333333334
2024-09-14,0.0,0.0,0.0,0.0,5,9,0.0,0.0,0.0,0.0,0.0,0.23333333333333334
2024-09-15,0.0,0.0,0.0,0.0,6,9,0.0,0.0,0.0,0.0,0.0,0.23333333333333334
2024-09-16,0.0,0.0,0.0,0.0,0,9,0.0,0.0,0.0,0.0,0.0,0.23333333333333334
2024-09-17,0.0,0.0,0.0,0.0,1,9,0.0,0.0,0.0,0.0,0.0,0.23333333333333334
2024-09-18,0.0,0.0,0.0,0.0,2,9,0.0,0.0,0.0,0.0,0.0,0.23333333333333334
2024-09-19,47.0,0.0,0.0,0.0,3,9,0.0,0.0,0.0,0.0,0.0,0.23333333333333334
2024-09-20,0.0,0.0,0.0,0.0,4,9,47.0,0.0,7.0,0.0,6.714285714285714,1.8
2024-09-21,0.0,0.0,0.0,0.0,5,9,0.0,0.0,0.0,0.0,6.714285714285714,1.8
2024-09-22,0.0,0.0,0.0,0.0,6,9,0.0,0.0,0.0,0.0,6.714285714285714,1.8
2024-09-23,0.0,0.0,0.0,0.0,0,9,0.0,0.0,0.0,0.0,6.714285714285714,1.8
2024-09-24,0.0,0.0,0.0,0.0,1,9,0.0,0.0,0.0,0.0,6.714285714285714,1.8
2024-09-25,0.0,0.0,0.0,0.0,2,9,0.0,0.0,0.0,0.0,6.714285714285714,1.8
2024-09-26,0.0,0.0,0.0,0.0,3,9,0.0,47.0,0.0,0.0,6.714285714285714,1.8
2024-09-27,0.0,0.0,0.0,0.0,4,9,0.0,0.0,0.0,0.0,0.0,1.8
2024-09-28,0.0,0.0,0.0,0.0,5,9,0.0,0.0,0.0,0.0,0.0,1.8
2024-09-29,0.0,0.0,0.0,0.0,6,9,0.0,0.0,0.0,0.0,0.0,1.8
2024-09-30,0.0,0.0,0.0,0.0,0,9,0.0,0.0,0.0,0.0,0.0,1.8
2024-10-01,0.0,0.0,0.0,0.0,1,10,0.0,0.0,0.0,0.0,0.0,1.8
2024-10-02,0.0,0.0,0.0,0.0,2,10,0.0,0.0,0.0,0.0,0.0,1.8
2024-10-03,0.0,0.0,0.0,0.0,3,10,0.0,0.0,47.0,0.0,0.0,1.8
2024-10-04,0.0,0.0,0.0,0.0,4,10,0.0,0.0,0.0,0.0,0.0,1.8
2024-10-05,0.0,0.0,0.0,0.0,5,10,0.0,0.0,0.0,0.0,0.0,1.8
2024-10-06,0.0,0.0,0.0,0.0,6,10,0.0,0.0,0.0,7.0,0.0,1.8
2024-10-07,0.0,0.0,0.0,0.0,0,10,0.0,0.0,0.0,0.0,0.0,1.5666666666666667
2024-10-08,0.0,0.0,0.0,0.0,1,10,0.0,0.0,0.0,0.0,0.0,1.5666666666666667
2024-10-09,0.0,0.0,0.0,0.0,2,10,0.0,0.0,0.0,0.0,0.0,1.5666666666666667
2024-10-10,0.0,0.0,0.0,0.0,3,10,0.0,0.0,0.0,0.0,0.0,1.5666666666666667
2024-10-11,0.0,0.0,0.0,0.0,4,10,0.0,0.0,0.0,0.0,0.0,1.5666666666666667
2024-10-12,0.0,0.0,0.0,0.0,5,10,0.0,0.0,0.0,0.0,0.0,1.5666666666666667
2024-10-13,0.0,0.0,0.0,0.0,6,10,0.0,0.0,0.0,0.0,0.0,1.5666666666666667
2024-10-14,0.0,0.0,0.0,0.0,0,10,0.0,0.0,0.0,0.0,0.0,1.5666666666666667
2024-10-15,0.0,0.0,0.0,0.0,1,10,0.0,0.0,0.0,0.0,0.0,1.5666666666666667
2024-10-16,0.0,0.0,0.0,0.0,2,10,0.0,0.0,0.0,0.0,0.0,1.5666666666666667
2024-10-17,0.0,0.0,0.0,0.0,3,10,0.0,0.0,0.0,0.0,0.0,1.5666666666666667
2024-10-18,0.0,0.0,0.0,0.0,4,10,0.0,0.0,0.0,0.0,0.0,1.5666666666666667
2024-10-19,0.0,0.0,0.0,0.0,5,10,0.0,0.0,0.0,47.0,0.0,1.5666666666666667
2024-10-20,0.0,0.0,0.0,0.0,6,10,0.0,0.0,0.0,0.0,0.0,0.0
2024-10-21,0.0,0.0,0.0,0.0,0,10,0.0,0.0,0.0,0.0,0.0,0.0
2024-10-22,0.0,0.0,0.0,0.0,1,10,0.0,0.0,0.0,0.0,0.0,0.0
2024-10-23,0.0,0.0,0.0,0.0,2,10,0.0,0.0,0.0,0.0,0.0,0.0
2024-10-24,0.0,0.0,0.0,0.0,3,10,0.0,0.0,0.0,0.0,0.0,0.0
2024-10-25,0.0,0.0,0.0,0.0,4,10,0.0,0.0,0.0,0.0,0.0,0.0
2024-10-26,0.0,0.0,0.0,0.0,5,10,0.0,0.0,0.0,0.0,0.0,0.0
2024-10-27,0.0,0.0,0.0,0.0,6,10,0.0,0.0,0.0,0.0,0.0,0.0
2024-10-28,0.0,0.0,0.0,0.0,0,10,0.0,0.0,0.0,0.0,0.0,0.0
2024-10-29,0.0,0.0,0.0,0.0,1,10,0.0,0.0,0.0,0.0,0.0,0.0
2024-10-30,0.0,0.0,0.0,0.0,2,10,0.0,0.0,0.0,0.0,0.0,0.0
2024-10-31,0.0,0.0,0.0,0.0,3,10,0.0,0.0,0.0,0.0,0.0,0.0
2024-11-01,0.0,9.0,30.38888888888889,49.0,4,11,0.0,0.0,0.0,0.0,0.0,0.0
2024-11-02,0.0,17.0,28.225806451612904,45.0,5,11,0.0,0.0,0.0,0.0,0.0,0.0
2024-11-03,0.0,6.0,32.9375,46.0,6,11,0.0,0.0,0.0,0.0,0.0,0.0
2024-11-04,0.0,9.0,27.94736842105263,49.0,0,11,0.0,0.0,0.0,0.0,0.0,0.0
2024-11-05,0.0,4.0,26.75,41.0,1,11,0.0,0.0,0.0,0.0,0.0,0.0
2024-11-06,0.0,7.0,28.5625,49.0,2,11,0.0,0.0,0.0,0.0,0.0,0.0
2024-11-07,0.0,15.0,29.916666666666668,44.0,3,11,0.0,0.0,0.0,0.0,0.0,0.0
2024-11-08,36.0,5.0,27.692307692307693,48.0,4,11,0.0,0.0,0.0,0.0,0.0,0.0
2024-11-09,0.0,8.0,28.666666666666668,49.0,5,11,36.0,0.0,0.0,0.0,5.142857142857143,1.2
2024-11-10,0.0,5.0,29.545454545454547,41.0,6,11,0.0,0.0,0.0,0.0,5.142857142857143,1.2
2024-11-11,0.0,8.0,26.307692307692307,47.0,0,11,0.0,0.0,0.0,0.0,5.142857142857143,1.2
2024-11-12,0.0,9.0,27.692307692307693,50.0,1,11,0.0,0.0,0.0,0.0,5.142857142857143,1.2
2024-11-13,45.0,5.0,28.5,48.0,2,11,0.0,0.0,0.0,0.0,5.142857142857143,1.2
2024-11-14,0.0,5.0,29.57894736842105,45.0,3,11,45.0,0.0,0.0,0.0,11.571428571428571,2.7
2024-11-15,0.0,7.0,28.55,48.0,4,11,0.0,36.0,0.0,0.0,11.571428571428571,2.7
2024-11-16,0.0,9.0,27.363636363636363,44.0,5,11,0.0,0.0,0.0,0.0,6.428571428571429,2.7
2024-11-17,0.0,14.0,27.34375,46.0,6,11,0.0,0.0,0.0,0.0,6.428571428571429,2.7
2024-11-18,0.0,15.0,25.555555555555557,44.0,0,11,0.0,0.0,0.0,0.0,6.428571428571429,2.7
2024-11-19,0.0,6.0,28.0,46.0,1,11,0.0,0.0,0.0,0.0,6.428571428571429,2.7
2024-11-20,0.0,8.0,28.058823529411764,51.0,2,11,0.0,45.0,0.0,0.0,6.428571428571429,2.7
2024-11-21,0.0,5.0,29.846153846153847,46.0,3,11,0.0,0.0,0.0,0.0,0.0,2.7
2024-11-22,0.0,7.0,27.285714285714285,43.0,4,11,0.0,0.0,36.0,0.0,0.0,2.7
2024-11-23,0.0,10.0,28.35,46.0,5,11,0.0,0.0,0.0,0.0,0.0,2.7
2024-11-24,0.0,16.0,27.37037037037037,50.0,6,11,0.0,0.0,0.0,0.0,0.0,2.7
2024-11-25,0.0,7.0,29.625,45.0,0,11,0.0,0.0,0.0,0.0,0.0,2.7
2024-11-26,0.0,6.0,27.266666666666666,44.0,1,11,0.0,0.0,0.0,0.0,0.0,2.7
2024-11-27,0.0,6.0,27.833333333333332,47.0,2,11,0.0,0.0,45.0,0.0,0.0,2.7
2024-11-28,0.0,7.0,26.941176470588236,44.0,3,11,0.0,0.0,0.0,0.0,0.0,2.7
2024-11-29,0.0,6.0,28.055555555555557,46.0,4,11,0.0,0.0,0.0,0.0,0.0,2.7
2024-11-30,0.0,12.0,28.46153846153846,52.0,5,11,0.0,0.0,0.0,0.0,0.0,2.7
2024-12-01,30.0,11.0,26.35483870967742,43.0,6,12,0.0,0.0,0.0,0.0,0.0,2.7
2024-12-02,0.0,11.0,25.142857142857142,51.0,0,12,30.0,0.0,0.0,0.0,4.285714285714286,3.7
2024-12-03,0.0,3.0,28.11111111111111,46.0,1,12,0.0,0.0,0.0,0.0,4.285714285714286,3.7
2024-12-04,0.0,6.0,25.6,45.0,2,12,0.0,0.0,0.0,0.0,4.285714285714286,3.7
2024-12-05,0.0,10.0,30.956521739130434,42.0,3,12,0.0,0.0,0.0,0.0,4.285714285714286,3.7
2024-12-06,0.0,6.0,28.7,51.0,4,12,0.0,0.0,0.0,0.0,4.285714285714286,3.7
2024-12-07,0.0,10.0,27.59090909090909,48.0,5,12,0.0,0.0,0.0,0.0,4.285714285714286,3.7
2024-12-08,0.0,18.0,28.615384615384617,49.0,6,12,0.0,30.0,0.0,36.0,4.285714285714286,3.7
2024-12-09,0.0,4.0,28.647058823529413,43.0,0,12,0.0,0.0,0.0,0.0,0.0,2.5
2024-12-10,0.0,7.0,27.166666666666668,52.0,1,12,0.0,0.0,0.0,0.0,0.0,2.5
2024-12-11,0.0,10.0,29.5,50.0,2,12,0.0,0.0,0.0,0.0,0.0,2.5
2024-12-12,0.0,3.0,31.857142857142858,48.0,3,12,0.0,0.0,0.0,0.0,0.0,2.5
2024-12-13,0.0,6.0,27.5,49.0,4,12,0.0,0.0,0.0,45.0,0.0,2.5
2024-12-14,0.0,11.0,27.0,48.0,5,12,0.0,0.0,0.0,0.0,0.0,1.0
2024-12-15,0.0,17.0,28.11111111111111,50.0,6,12,0.0,0.0,30.0,0.0,0.0,1.0
2024-12-16,0.0,7.0,27.384615384615383,46.0,0,12,0.0,0.0,0.0,0.0,0.0,1.0
2024-12-17,0.0,8.0,26.666666666666668,46.0,1,12,0.0,0.0,0.0,0.0,0.0,1.0
2024-12-18,0.0,12.0,25.157894736842106,46.0,2,12,0.0,0.0,0.0,0.0,0.0,1.0
2024-12-19,0.0,10.0,27.307692307692307,52.0,3,12,0.0,0.0,0.0,0.0,0.0,1.0
2024-12-20,26.0,8.0,26.642857142857142,50.0,4,12,0.0,0.0,0.0,0.0,0.0,1.0
