Date,UnitsSold,hashtag_count,avg_likes,InterestScore,weekday,month,lag_1,lag_7,lag_14,lag_30,rm_7,rm_30
2024-11-01,2.0,0,30.38888888888889,10.0,4,11,0.0,0.0,0.0,0.0,0.0,0.0
2024-11-02,0.0,0,28.225806451612904,12.0,5,11,2.0,0.0,0.0,0.0,2.0,2.0
2024-11-03,5.0,0,32.9375,8.0,6,11,0.0,0.0,0.0,0.0,1.0,1.0
2024-11-04,1.0,0,27.94736842105263,11.0,0,11,5.0,0.0,0.0,0.0,2.3333333333333335,2.3333333333333335
2024-11-05,1.0,0,26.75,7.0,1,11,1.0,0.0,0.0,0.0,2.0,2.0
2024-11-06,0.0,0,28.5625,10.0,2,11,1.0,0.0,0.0,0.0,1.8,1.8
2024-11-07,7.0,0,29.916666666666668,10.0,3,11,0.0,0.0,0.0,0.0,1.5,1.5
2024-11-08,1.0,0,27.692307692307693,11.0,4,11,7.0,2.0,0.0,0.0,2.2857142857142856,2.2857142857142856
2024-11-09,0.0,0,28.666666666666668,8.0,5,11,1.0,0.0,0.0,0.0,2.142857142857143,2.125
2024-11-10,3.0,0,29.545454545454547,8.0,6,11,0.0,5.0,0.0,0.0,2.142857142857143,1.8888888888888888
2024-11-11,2.0,0,26.307692307692307,11.0,0,11,3.0,1.0,0.0,0.0,1.8571428571428572,2.0
2024-11-12,0.0,0,27.692307692307693,12.0,1,11,2.0,1.0,0.0,0.0,2.0,2.0
2024-11-13,2.0,0,28.5,7.0,2,11,0.0,0.0,0.0,0.0,1.8571428571428572,1.8333333333333333
2024-11-14,2.0,0,29.57894736842105,7.0,3,11,2.0,7.0,0.0,0.0,2.142857142857143,1.8461538461538463
2024-11-15,3.0,0,28.55,11.0,4,11,2.0,1.0,2.0,0.0,1.4285714285714286,1.8571428571428572
2024-11-16,4.0,0,27.363636363636363,7.0,5,11,3.0,0.0,0.0,0.0,1.7142857142857142,1.9333333333333333
2024-11-17,0.0,0,27.34375,7.0,6,11,4.0,3.0,5.0,0.0,2.2857142857142856,2.0625
2024-11-18,0.0,0,25.555555555555557,7.0,0,11,0.0,2.0,1.0,0.0,1.8571428571428572,1.9411764705882353
2024-11-19,1.0,0,28.0,12.0,1,11,0.0,0.0,1.0,0.0,1.5714285714285714,1.8333333333333333
2024-11-20,2.0,0,28.058823529411764,10.0,2,11,1.0,2.0,0.0,0.0,1.7142857142857142,1.7894736842105263
2024-11-21,3.0,0,29.846153846153847,11.0,3,11,2.0,2.0,7.0,0.0,1.7142857142857142,1.8
2024-11-22,0.0,0,27.285714285714285,9.0,4,11,3.0,3.0,1.0,0.0,1.8571428571428572,1.8571428571428572
2024-11-23,0.0,0,28.35,12.0,5,11,0.0,4.0,0.0,0.0,1.4285714285714286,1.7727272727272727
2024-11-24,0.0,0,27.37037037037037,9.0,6,11,0.0,0.0,3.0,0.0,0.8571428571428571,1.6956521739130435
2024-11-25,0.0,0,29.625,10.0,0,11,0.0,0.0,2.0,0.0,0.8571428571428571,1.625
2024-11-26,2.0,0,27.266666666666666,13.0,1,11,0.0,1.0,0.0,0.0,0.8571428571428571,1.56
2024-11-27,3.0,0,27.833333333333332,8.0,2,11,2.0,2.0,2.0,0.0,1.0,1.5769230769230769
2024-11-28,0.0,0,26.941176470588236,13.0,3,11,3.0,3.0,2.0,0.0,1.1428571428571428,1.6296296296296295
2024-11-29,2.0,0,28.055555555555557,13.0,4,11,0.0,0.0,3.0,0.0,0.7142857142857143,1.5714285714285714
2024-11-30,0.0,0,28.46153846153846,13.0,5,11,2.0,0.0,4.0,0.0,1.0,1.5862068965517242
2024-12-01,2.0,0,26.35483870967742,12.0,6,12,0.0,0.0,0.0,2.0,1.0,1.5333333333333334
2024-12-02,0.0,0,25.142857142857142,9.0,0,12,2.0,0.0,0.0,0.0,1.2857142857142858,1.5333333333333334
2024-12-03,0.0,0,28.11111111111111,8.0,1,12,0.0,2.0,1.0,5.0,1.2857142857142858,1.5333333333333334
2024-12-04,2.0,0,25.6,11.0,2,12,0.0,3.0,2.0,1.0,1.0,1.3666666666666667
2024-12-05,0.0,0,30.956521739130434,8.0,3,12,2.0,0.0,3.0,1.0,0.8571428571428571,1.4
2024-12-06,3.0,0,28.7,13.0,4,12,0.0,2.0,0.0,0.0,0.8571428571428571,1.3666666666666667
2024-12-07,1.0,0,27.59090909090909,13.0,5,12,3.0,0.0,0.0,7.0,1.0,1.4666666666666666
2024-12-08,0.0,0,28.615384615384617,11.0,6,12,1.0,2.0,0.0,1.0,1.1428571428571428,1.2666666666666666
2024-12-09,0.0,0,28.647058823529413,9.0,0,12,0.0,0.0,0.0,0.0,0.8571428571428571,1.2333333333333334
2024-12-10,0.0,0,27.166666666666668,7.0,1,12,0.0,0.0,2.0,3.0,0.8571428571428571,1.2333333333333334
2024-12-11,0.0,0,29.5,8.0,2,12,0.0,2.0,3.0,2.0,0.8571428571428571,1.1333333333333333
2024-12-12,0.0,0,31.857142857142858,12.0,3,12,0.0,0.0,0.0,0.0,0.5714285714285714,1.0666666666666667
2024-12-13,1.0,0,27.5,9.0,4,12,0.0,3.0,2.0,2.0,0.5714285714285714,1.0666666666666667
2024-12-14,4.0,0,27.0,10.0,5,12,1.0,1.0,0.0,2.0,0.2857142857142857,1.0333333333333334
2024-12-15,0.0,0,28.11111111111111,9.0,6,12,4.0,0.0,2.0,3.0,0.7142857142857143,1.1
2024-12-16,4.0,0,27.384615384615383,9.0,0,12,0.0,0.0,0.0,4.0,0.7142857142857143,1.0
2024-12-17,1.0,0,26.666666666666668,8.0,1,12,4.0,0.0,0.0,0.0,1.2857142857142858,1.0
2024-12-18,0.0,0,25.157894736842106,11.0,2,12,1.0,0.0,2.0,0.0,1.4285714285714286,1.0333333333333334
2024-12-19,4.0,0,27.307692307692307,8.0,3,12,0.0,0.0,0.0,1.0,1.4285714285714286,1.0333333333333334
2024-12-20,3.0,0,26.642857142857142,12.0,4,12,4.0,1.0,3.0,2.0,2.0,1.1333333333333333
2024-12-21,0.0,0,29.45,7.0,5,12,3.0,4.0,1.0,3.0,2.2857142857142856,1.1666666666666667
2024-12-22,0.0,0,26.8,12.0,6,12,0.0,0.0,0.0,0.0,1.7142857142857142,1.0666666666666667
2024-12-23,4.0,0,28.294117647058822,12.0,0,12,0.0,4.0,0.0,0.0,1.7142857142857142,1.0666666666666667
2024-12-24,0.0,0,29.285714285714285,8.0,1,12,4.0,1.0,0.0,0.0,1.7142857142857142,1.2
2024-12-25,0.0,0,26.0,8.0,2,12,0.0,0.0,0.0,0.0,1.5714285714285714,1.2
2024-12-26,4.0,0,28.7,10.0,3,12,0.0,4.0,0.0,2.0,1.5714285714285714,1.2
2024-12-27,3.0,0,29.142857142857142,9.0,4,12,4.0,3.0,1.0,3.0,1.5714285714285714,1.2666666666666666
2024-12-28,0.0,0,29.20689655172414,9.0,5,12,3.0,0.0,4.0,0.0,1.5714285714285714,1.2666666666666666
2024-12-29,2.0,0,26.26923076923077,8.0,6,12,0.0,0.0,0.0,2.0,1.5714285714285714,1.2666666666666666
2024-12-30,0.0,0,27.045454545454547,10.0,0,12,2.0,4.0,4.0,0.0,1.8571428571428572,1.2666666666666666
2024-12-31,1.0,0,28.352941176470587,11.0,1,12,0.0,0.0,1.0,2.0,1.2857142857142858,1.2666666666666666
2025-01-01,0.0,0,27.2,9.0,2,1,1.0,0.0,0.0,0.0,1.4285714285714286,1.2333333333333334
2025-01-02,0.0,0,28.0,7.0,3,1,0.0,4.0,4.0,0.0,1.4285714285714286,1.2333333333333334
2025-01-03,1.0,0,30.6,13.0,4,1,0.0,3.0,3.0,2.0,0.8571428571428571,1.2333333333333334
2025-01-04,1.0,0,28.565217391304348,9.0,5,1,1.0,0.0,0.0,0.0,0.5714285714285714,1.2
2025-01-05,3.0,0,29.05263157894737,11.0,6,1,1.0,2.0,0.0,3.0,0.7142857142857143,1.2333333333333334
2025-01-06,0.0,0,26.695652173913043,13.0,0,1,3.0,0.0,4.0,1.0,0.8571428571428571,1.2333333333333334
2025-01-07,1.0,0,30.157894736842106,13.0,1,1,0.0,1.0,0.0,0.0,0.8571428571428571,1.2
2025-01-08,0.0,0,27.68421052631579,9.0,2,1,1.0,0.0,0.0,0.0,0.8571428571428571,1.2333333333333334
2025-01-09,0.0,0,29.285714285714285,9.0,3,1,0.0,0.0,4.0,0.0,0.8571428571428571,1.2333333333333334
2025-01-10,1.0,0,26.208333333333332,9.0,4,1,0.0,1.0,3.0,0.0,0.8571428571428571,1.2333333333333334
2025-01-11,5.0,0,29.5,13.0,5,1,1.0,1.0,0.0,0.0,0.8571428571428571,1.2666666666666666
2025-01-12,0.0,0,29.636363636363637,11.0,6,1,5.0,3.0,2.0,1.0,1.4285714285714286,1.4333333333333333
2025-01-13,0.0,0,30.736842105263158,7.0,0,1,0.0,0.0,0.0,4.0,1.0,1.4
2025-01-14,2.0,0,29.5,7.0,1,1,0.0,1.0,1.0,0.0,1.0,1.2666666666666666
2025-01-15,1.0,0,27.166666666666668,8.0,2,1,2.0,0.0,0.0,4.0,1.1428571428571428,1.3333333333333333
2025-01-16,1.0,0,28.23076923076923,9.0,3,1,1.0,0.0,0.0,1.0,1.2857142857142858,1.2333333333333334
2025-01-17,0.0,0,28.454545454545453,12.0,4,1,1.0,1.0,1.0,0.0,1.4285714285714286,1.2333333333333334
2025-01-18,1.0,0,26.666666666666668,11.0,5,1,0.0,5.0,1.0,4.0,1.2857142857142858,1.2333333333333334
2025-01-19,2.0,0,27.714285714285715,12.0,6,1,1.0,0.0,3.0,3.0,0.7142857142857143,1.1333333333333333
2025-01-20,0.0,0,30.454545454545453,7.0,0,1,2.0,0.0,0.0,0.0,1.0,1.1
2025-01-21,0.0,0,30.444444444444443,8.0,1,1,0.0,2.0,1.0,0.0,1.0,1.1
2025-01-22,0.0,0,29.043478260869566,9.0,2,1,0.0,1.0,0.0,4.0,0.7142857142857143,1.1
2025-01-23,1.0,0,24.625,11.0,3,1,0.0,1.0,0.0,0.0,0.5714285714285714,0.9666666666666667
2025-01-24,0.0,0,27.3,9.0,4,1,1.0,0.0,1.0,0.0,0.5714285714285714,1.0
2025-01-25,0.0,0,29.0,7.0,5,1,0.0,1.0,5.0,4.0,0.5714285714285714,1.0
2025-01-26,2.0,0,28.0,11.0,6,1,0.0,2.0,0.0,3.0,0.42857142857142855,0.8666666666666667
2025-01-27,3.0,0,26.3,11.0,0,1,2.0,0.0,0.0,0.0,0.42857142857142855,0.8333333333333334
2025-01-28,0.0,0,29.333333333333332,13.0,1,1,3.0,0.0,2.0,2.0,0.8571428571428571,0.9333333333333333
2025-01-29,2.0,0,28.714285714285715,7.0,2,1,0.0,0.0,1.0,0.0,0.8571428571428571,0.8666666666666667
2025-01-30,1.0,0,29.333333333333332,7.0,3,1,2.0,1.0,1.0,1.0,1.1428571428571428,0.9333333333333333
2025-01-31,1.0,0,28.25,10.0,4,1,1.0,0.0,0.0,0.0,1.1428571428571428,0.9333333333333333
2025-02-01,6.0,0,29.61111111111111,12.0,5,2,1.0,0.0,1.0,0.0,1.2857142857142858,0.9666666666666667
2025-02-02,2.0,0,27.8,13.0,6,2,6.0,2.0,2.0,1.0,2.142857142857143,1.1666666666666667
2025-02-03,0.0,0,27.636363636363637,13.0,0,2,2.0,3.0,0.0,1.0,2.142857142857143,1.2
2025-02-04,0.0,0,27.666666666666668,11.0,1,2,0.0,0.0,0.0,3.0,1.7142857142857142,1.1666666666666667
2025-02-05,6.0,0,28.6,11.0,2,2,0.0,2.0,0.0,0.0,1.7142857142857142,1.0666666666666667
2025-02-06,1.0,0,29.238095238095237,7.0,3,2,6.0,1.0,1.0,1.0,2.2857142857142856,1.2666666666666666
2025-02-07,2.0,0,27.391304347826086,9.0,4,2,1.0,1.0,0.0,0.0,2.2857142857142856,1.2666666666666666
2025-02-08,0.0,0,27.357142857142858,9.0,5,2,2.0,6.0,0.0,0.0,2.4285714285714284,1.3333333333333333
2025-02-09,1.0,0,28.714285714285715,13.0,6,2,0.0,2.0,2.0,1.0,1.5714285714285714,1.3333333333333333
2025-02-10,0.0,0,26.0,9.0,0,2,1.0,0.0,3.0,5.0,1.4285714285714286,1.3333333333333333
2025-02-11,0.0,0,28.294117647058822,9.0,1,2,0.0,0.0,0.0,0.0,1.4285714285714286,1.1666666666666667
2025-02-12,0.0,0,27.833333333333332,11.0,2,2,0.0,6.0,2.0,0.0,1.4285714285714286,1.1666666666666667
2025-02-13,0.0,0,26.2,11.0,3,2,0.0,1.0,1.0,2.0,0.5714285714285714,1.1666666666666667
2025-02-14,0.0,0,25.333333333333332,12.0,4,2,0.0,2.0,1.0,1.0,0.42857142857142855,1.1
2025-02-15,3.0,0,26.8,11.0,5,2,0.0,0.0,6.0,1.0,0.14285714285714285,1.0666666666666667
2025-02-16,1.0,0,28.0,9.0,6,2,3.0,1.0,2.0,0.0,0.5714285714285714,1.1333333333333333
2025-02-17,0.0,0,27.857142857142858,12.0,0,2,1.0,0.0,0.0,1.0,0.5714285714285714,1.1666666666666667
2025-02-18,1.0,0,26.055555555555557,8.0,1,2,0.0,0.0,0.0,2.0,0.5714285714285714,1.1333333333333333
2025-02-19,2.0,0,26.1,13.0,2,2,1.0,0.0,6.0,0.0,0.7142857142857143,1.1
2025-02-20,1.0,0,27.0,9.0,3,2,2.0,0.0,1.0,0.0,1.0,1.1666666666666667
2025-02-21,6.0,0,28.210526315789473,10.0,4,2,1.0,0.0,2.0,0.0,1.1428571428571428,1.2
2025-02-22,6.0,0,28.6,10.0,5,2,6.0,3.0,0.0,1.0,2.0,1.4
2025-02-23,4.0,0,26.761904761904763,10.0,6,2,6.0,1.0,1.0,0.0,2.4285714285714284,1.5666666666666667
2025-02-24,4.0,0,29.0,11.0,0,2,4.0,0.0,0.0,0.0,2.857142857142857,1.7
2025-02-25,0.0,0,27.352941176470587,10.0,1,2,4.0,1.0,0.0,2.0,3.4285714285714284,1.8333333333333333
2025-02-26,1.0,0,29.36842105263158,8.0,2,2,0.0,2.0,0.0,3.0,3.2857142857142856,1.7666666666666666
2025-02-27,4.0,0,28.636363636363637,8.0,3,2,1.0,1.0,0.0,0.0,3.142857142857143,1.7
2025-02-28,0.0,0,28.46153846153846,11.0,4,2,4.0,6.0,0.0,2.0,3.5714285714285716,1.8333333333333333
2025-03-01,2.0,0,27.423076923076923,10.0,5,3,0.0,6.0,3.0,1.0,2.7142857142857144,1.7666666666666666
2025-03-02,2.0,0,28.88,11.0,6,3,2.0,4.0,1.0,1.0,2.142857142857143,1.8
2025-03-03,2.0,0,29.1,12.0,0,3,2.0,4.0,0.0,6.0,1.8571428571428572,1.8333333333333333
2025-03-04,1.0,0,28.153846153846153,13.0,1,3,2.0,0.0,1.0,2.0,1.5714285714285714,1.7
2025-03-05,3.0,0,28.16,12.0,2,3,1.0,1.0,2.0,0.0,1.7142857142857142,1.6666666666666667
2025-03-06,0.0,0,28.77777777777778,13.0,3,3,3.0,4.0,1.0,0.0,2.0,1.7666666666666666
2025-03-07,0.0,0,28.25,11.0,4,3,0.0,0.0,6.0,6.0,1.4285714285714286,1.7666666666666666
2025-03-08,0.0,0,27.555555555555557,10.0,5,3,0.0,2.0,6.0,1.0,1.4285714285714286,1.5666666666666667
2025-03-09,1.0,0,29.785714285714285,8.0,6,3,0.0,2.0,4.0,2.0,1.1428571428571428,1.5333333333333334
2025-03-10,2.0,0,27.41176470588235,10.0,0,3,1.0,2.0,4.0,0.0,1.0,1.5
2025-03-11,0.0,0,25.2,13.0,1,3,2.0,1.0,0.0,1.0,1.0,1.5666666666666667
2025-03-12,1.0,0,28.956521739130434,9.0,2,3,0.0,3.0,1.0,0.0,0.8571428571428571,1.5333333333333334
2025-03-13,0.0,0,29.6,8.0,3,3,1.0,0.0,4.0,0.0,0.5714285714285714,1.5666666666666667
2025-03-14,0.0,0,27.8,10.0,4,3,0.0,0.0,0.0,0.0,0.5714285714285714,1.5666666666666667
2025-03-15,2.0,0,27.607142857142858,7.0,5,3,0.0,0.0,2.0,0.0,0.5714285714285714,1.5666666666666667
2025-03-16,0.0,0,28.666666666666668,12.0,6,3,2.0,1.0,2.0,0.0,0.8571428571428571,1.6333333333333333
2025-03-17,2.0,0,26.25,13.0,0,3,0.0,2.0,2.0,3.0,0.7142857142857143,1.6333333333333333
2025-03-18,1.0,0,26.0,9.0,1,3,2.0,0.0,1.0,1.0,0.7142857142857143,1.6
2025-03-19,1.0,0,28.2,11.0,2,3,1.0,1.0,3.0,0.0,0.8571428571428571,1.6
2025-03-20,4.0,0,26.5625,10.0,3,3,1.0,0.0,0.0,1.0,0.8571428571428571,1.6333333333333333
2025-03-21,0.0,0,29.75,13.0,4,3,4.0,0.0,0.0,2.0,1.4285714285714286,1.7333333333333334
2025-03-22,0.0,0,28.866666666666667,11.0,5,3,0.0,2.0,0.0,1.0,1.4285714285714286,1.6666666666666667
2025-03-23,5.0,0,29.25925925925926,8.0,6,3,0.0,0.0,1.0,6.0,1.1428571428571428,1.6333333333333333
2025-03-24,0.0,0,27.846153846153847,10.0,0,3,5.0,2.0,2.0,6.0,1.8571428571428572,1.6
2025-03-25,2.0,0,26.928571428571427,7.0,1,3,0.0,1.0,0.0,4.0,1.5714285714285714,1.4
2025-03-26,1.0,0,28.77777777777778,9.0,2,3,2.0,1.0,1.0,4.0,1.7142857142857142,1.3333333333333333
2025-03-27,0.0,0,27.80952380952381,11.0,3,3,1.0,4.0,0.0,0.0,1.7142857142857142,1.2333333333333334
2025-03-28,4.0,0,29.38888888888889,11.0,4,3,0.0,0.0,0.0,1.0,1.1428571428571428,1.2333333333333334
2025-03-29,0.0,0,26.3125,10.0,5,3,4.0,0.0,2.0,4.0,1.7142857142857142,1.3333333333333333
2025-03-30,0.0,0,29.526315789473685,9.0,6,3,0.0,5.0,0.0,0.0,1.7142857142857142,1.2
2025-03-31,0.0,0,28.09090909090909,12.0,0,3,0.0,0.0,2.0,2.0,1.0,1.2
2025-04-01,2.0,0,27.066666666666666,29.0,1,4,0.0,2.0,1.0,2.0,1.0,1.1333333333333333
2025-04-02,2.0,0,27.666666666666668,29.0,2,4,2.0,1.0,1.0,2.0,1.0,1.1333333333333333
2025-04-03,5.0,0,27.923076923076923,29.0,3,4,2.0,0.0,4.0,1.0,1.1428571428571428,1.1333333333333333
2025-04-04,3.0,0,26.076923076923077,31.0,4,4,5.0,4.0,0.0,3.0,1.8571428571428572,1.2666666666666666
2025-04-05,10.0,0,26.566666666666666,31.0,5,4,3.0,0.0,0.0,0.0,1.7142857142857142,1.2666666666666666
2025-04-06,16.0,0,28.73076923076923,25.0,6,4,10.0,0.0,5.0,0.0,3.142857142857143,1.6
2025-04-07,8.0,0,28.157894736842106,27.0,0,4,16.0,0.0,0.0,0.0,5.428571428571429,2.1333333333333333
2025-04-08,0.0,0,25.55,29.0,1,4,8.0,2.0,2.0,1.0,6.571428571428571,2.4
2025-04-09,5.0,0,28.925925925925927,26.0,2,4,0.0,2.0,1.0,2.0,6.285714285714286,2.3666666666666667
2025-04-10,12.0,0,27.5,28.0,3,4,5.0,5.0,0.0,0.0,6.714285714285714,2.466666666666667
2025-04-11,0.0,0,27.944444444444443,27.0,4,4,12.0,3.0,4.0,1.0,7.714285714285714,2.8666666666666667
2025-04-12,5.0,0,28.65,29.0,5,4,0.0,10.0,0.0,0.0,7.285714285714286,2.8333333333333335
2025-04-13,0.0,0,28.285714285714285,26.0,6,4,5.0,16.0,0.0,0.0,6.571428571428571,3.0
2025-04-14,1.0,0,29.6,25.0,0,4,0.0,8.0,0.0,2.0,4.285714285714286,3.0
2025-04-15,3.0,0,27.23076923076923,29.0,1,4,1.0,0.0,2.0,0.0,3.2857142857142856,2.966666666666667
2025-04-16,4.0,0,27.321428571428573,25.0,2,4,3.0,5.0,2.0,2.0,3.7142857142857144,3.066666666666667
2025-04-17,3.0,0,30.23076923076923,26.0,3,4,4.0,12.0,5.0,1.0,3.5714285714285716,3.1333333333333333
2025-04-18,8.0,0,28.23076923076923,27.0,4,4,3.0,0.0,3.0,1.0,2.2857142857142856,3.2
2025-04-19,0.0,0,28.88888888888889,31.0,5,4,8.0,5.0,10.0,4.0,3.4285714285714284,3.433333333333333
2025-04-20,0.0,0,27.96153846153846,31.0,6,4,0.0,0.0,16.0,0.0,2.7142857142857144,3.3
2025-04-21,0.0,0,28.25,31.0,0,4,0.0,1.0,8.0,0.0,2.7142857142857144,3.3
2025-04-22,3.0,0,29.4,31.0,1,4,0.0,3.0,0.0,5.0,2.5714285714285716,3.3
2025-04-23,2.0,0,25.666666666666668,26.0,2,4,3.0,4.0,5.0,0.0,2.5714285714285716,3.2333333333333334
2025-04-24,10.0,0,28.166666666666668,26.0,3,4,2.0,3.0,12.0,2.0,2.2857142857142856,3.3
2025-04-25,8.0,0,28.11111111111111,27.0,4,4,10.0,8.0,0.0,1.0,3.2857142857142856,3.566666666666667
2025-04-26,7.0,0,27.125,31.0,5,4,8.0,0.0,5.0,0.0,3.2857142857142856,3.8
2025-04-27,2.0,0,26.94736842105263,29.0,6,4,7.0,0.0,0.0,4.0,4.285714285714286,4.033333333333333
2025-04-28,0.0,0,26.583333333333332,28.0,0,4,2.0,0.0,1.0,0.0,4.571428571428571,3.966666666666667
2025-04-29,2.0,0,29.11111111111111,27.0,1,4,0.0,3.0,3.0,0.0,4.571428571428571,3.966666666666667
2025-04-30,4.0,0,29.5,25.0,2,4,2.0,2.0,4.0,0.0,4.428571428571429,4.033333333333333
2025-05-01,8.0,0,27.25,29.0,3,5,4.0,10.0,3.0,2.0,4.714285714285714,4.166666666666667
2025-05-02,3.0,0,26.866666666666667,31.0,4,5,8.0,8.0,8.0,2.0,4.428571428571429,4.366666666666666
2025-05-03,0.0,0,26.714285714285715,27.0,5,5,3.0,7.0,0.0,5.0,3.7142857142857144,4.4
2025-05-04,0.0,0,27.333333333333332,30.0,6,5,0.0,2.0,0.0,3.0,2.7142857142857144,4.233333333333333
2025-05-05,0.0,0,30.22222222222222,28.0,0,5,0.0,0.0,0.0,10.0,2.4285714285714284,4.133333333333334
2025-05-06,3.0,0,26.166666666666668,26.0,1,5,0.0,2.0,3.0,16.0,2.4285714285714284,3.8
2025-05-07,0.0,0,26.0,29.0,2,5,3.0,4.0,2.0,8.0,2.5714285714285716,3.3666666666666667
2025-05-08,5.0,0,28.916666666666668,25.0,3,5,0.0,8.0,10.0,0.0,2.0,3.1
2025-05-09,7.0,0,29.0,25.0,4,5,5.0,3.0,8.0,5.0,1.5714285714285714,3.2666666666666666
2025-05-10,3.0,0,26.25,25.0,5,5,7.0,0.0,7.0,12.0,2.142857142857143,3.3333333333333335
2025-05-11,2.0,0,27.526315789473685,30.0,6,5,3.0,0.0,2.0,0.0,2.5714285714285716,3.033333333333333
2025-05-12,4.0,0,28.11764705882353,28.0,0,5,2.0,0.0,0.0,5.0,2.857142857142857,3.1
2025-05-13,9.0,0,26.857142857142858,29.0,1,5,4.0,3.0,2.0,0.0,3.4285714285714284,3.066666666666667
2025-05-14,0.0,0,30.444444444444443,25.0,2,5,9.0,0.0,4.0,1.0,4.285714285714286,3.3666666666666667
2025-05-15,0.0,0,27.076923076923077,28.0,3,5,0.0,5.0,8.0,3.0,4.285714285714286,3.3333333333333335
2025-05-16,1.0,0,29.615384615384617,29.0,4,5,0.0,7.0,3.0,4.0,3.5714285714285716,3.2333333333333334
2025-05-17,4.0,0,28.055555555555557,28.0,5,5,1.0,3.0,0.0,3.0,2.7142857142857144,3.1333333333333333
2025-05-18,5.0,0,27.23076923076923,25.0,6,5,4.0,2.0,0.0,8.0,2.857142857142857,3.1666666666666665
2025-05-19,7.0,0,29.347826086956523,30.0,0,5,5.0,4.0,0.0,0.0,3.2857142857142856,3.066666666666667
2025-05-20,0.0,0,27.375,30.0,1,5,7.0,9.0,3.0,0.0,3.7142857142857144,3.3
2025-05-21,2.0,0,28.444444444444443,25.0,2,5,0.0,0.0,0.0,0.0,2.4285714285714284,3.3
2025-05-22,2.0,0,29.304347826086957,30.0,3,5,2.0,0.0,5.0,3.0,2.7142857142857144,3.3666666666666667
2025-05-23,4.0,0,27.2,30.0,4,5,2.0,1.0,7.0,2.0,3.0,3.3333333333333335
2025-05-24,7.0,0,29.217391304347824,25.0,5,5,4.0,4.0,3.0,10.0,3.4285714285714284,3.4
2025-05-25,8.0,0,29.153846153846153,27.0,6,5,7.0,5.0,2.0,8.0,3.857142857142857,3.3
2025-05-26,0.0,0,27.5,26.0,0,5,8.0,7.0,4.0,7.0,4.285714285714286,3.3
2025-05-27,0.0,0,26.63157894736842,27.0,1,5,0.0,0.0,9.0,2.0,3.2857142857142856,3.066666666666667
2025-05-28,5.0,0,28.6,26.0,2,5,0.0,2.0,0.0,0.0,3.2857142857142856,3.0
2025-05-29,0.0,0,28.923076923076923,30.0,3,5,5.0,2.0,0.0,2.0,3.7142857142857144,3.1666666666666665
2025-05-30,0.0,0,31.11111111111111,28.0,4,5,0.0,4.0,1.0,4.0,3.4285714285714284,3.1
2025-05-31,0.0,0,29.533333333333335,26.0,5,5,0.0,7.0,4.0,8.0,2.857142857142857,2.966666666666667
2025-06-01,0.0,0,27.894736842105264,27.0,6,6,0.0,8.0,5.0,3.0,1.8571428571428572,2.7
2025-06-02,4.0,0,29.533333333333335,26.0,0,6,0.0,0.0,7.0,0.0,0.7142857142857143,2.6
2025-06-03,10.0,0,27.75,31.0,1,6,4.0,0.0,0.0,0.0,1.2857142857142858,2.7333333333333334
2025-06-04,0.0,0,30.857142857142858,27.0,2,6,10.0,5.0,2.0,0.0,2.7142857142857144,3.066666666666667
2025-06-05,6.0,0,28.875,26.0,3,6,0.0,0.0,2.0,3.0,2.0,3.066666666666667
2025-06-06,14.0,0,30.05263157894737,28.0,4,6,6.0,0.0,4.0,0.0,2.857142857142857,3.1666666666666665
2025-06-07,0.0,0,28.23076923076923,31.0,5,6,14.0,0.0,7.0,5.0,4.857142857142857,3.6333333333333333
2025-06-08,17.0,0,26.85185185185185,31.0,6,6,0.0,0.0,8.0,7.0,4.857142857142857,3.466666666666667
2025-06-09,20.0,0,30.304347826086957,28.0,0,6,17.0,4.0,0.0,3.0,7.285714285714286,3.8
2025-06-10,4.0,0,26.91304347826087,31.0,1,6,20.0,10.0,0.0,2.0,9.571428571428571,4.366666666666666
2025-06-11,6.0,0,28.285714285714285,28.0,2,6,4.0,0.0,5.0,4.0,8.714285714285714,4.433333333333334
2025-06-12,9.0,0,29.846153846153847,28.0,3,6,6.0,6.0,0.0,9.0,9.571428571428571,4.5
2025-06-13,7.0,0,29.46153846153846,27.0,4,6,9.0,14.0,0.0,0.0,10.0,4.5
2025-06-14,0.0,0,27.176470588235293,27.0,5,6,7.0,0.0,0.0,0.0,9.0,4.733333333333333
2025-06-15,5.0,0,27.133333333333333,30.0,6,6,0.0,17.0,0.0,1.0,9.0,4.733333333333333
2025-06-16,3.0,0,27.6,28.0,0,6,5.0,20.0,4.0,4.0,7.285714285714286,4.866666666666666
2025-06-17,0.0,0,27.2,25.0,1,6,3.0,4.0,10.0,5.0,4.857142857142857,4.833333333333333
2025-06-18,11.0,0,28.27777777777778,28.0,2,6,0.0,6.0,0.0,7.0,4.285714285714286,4.666666666666667
2025-06-19,0.0,0,28.75,25.0,3,6,11.0,9.0,6.0,0.0,5.0,4.8
2025-06-20,9.0,0,28.9,30.0,4,6,0.0,7.0,14.0,2.0,3.7142857142857144,4.8
2025-06-21,7.0,0,28.57894736842105,27.0,5,6,9.0,0.0,0.0,2.0,4.0,5.033333333333333
2025-06-22,2.0,0,28.333333333333332,25.0,6,6,7.0,5.0,17.0,4.0,5.0,5.2
2025-06-23,1.0,0,29.727272727272727,29.0,0,6,2.0,3.0,20.0,7.0,4.571428571428571,5.133333333333334
2025-06-24,0.0,0,28.666666666666668,27.0,1,6,1.0,0.0,4.0,8.0,4.285714285714286,4.933333333333334
2025-06-25,0.0,0,28.77777777777778,28.0,2,6,0.0,11.0,6.0,0.0,4.285714285714286,4.666666666666667
2025-06-26,2.0,0,26.733333333333334,29.0,3,6,0.0,0.0,9.0,0.0,2.7142857142857144,4.666666666666667
2025-06-27,7.0,0,26.88888888888889,31.0,4,6,2.0,9.0,7.0,5.0,3.0,4.733333333333333
2025-06-28,0.0,0,28.724137931034484,31.0,5,6,7.0,7.0,0.0,0.0,2.7142857142857144,4.8
2025-06-29,4.0,0,28.571428571428573,29.0,6,6,0.0,2.0,5.0,0.0,1.7142857142857142,4.8
2025-06-30,1.0,0,28.0,26.0,0,6,4.0,1.0,3.0,0.0,2.0,4.933333333333334
2025-07-01,4.0,0,29.923076923076923,28.0,1,7,1.0,0.0,0.0,0.0,2.0,4.966666666666667
2025-07-02,3.0,0,26.714285714285715,26.0,2,7,4.0,0.0,11.0,4.0,2.5714285714285716,5.1
2025-07-03,0.0,0,28.346153846153847,31.0,3,7,3.0,2.0,0.0,10.0,3.0,5.066666666666666
2025-07-04,0.0,0,29.785714285714285,30.0,4,7,0.0,7.0,9.0,0.0,2.7142857142857144,4.733333333333333
2025-07-05,12.0,0,27.142857142857142,27.0,5,7,0.0,0.0,7.0,6.0,1.7142857142857142,4.733333333333333
2025-07-06,5.0,0,27.866666666666667,26.0,6,7,12.0,4.0,2.0,14.0,3.4285714285714284,4.933333333333334
2025-07-07,11.0,0,29.0,31.0,0,7,5.0,1.0,1.0,0.0,3.5714285714285716,4.633333333333334
2025-07-08,0.0,0,27.761904761904763,26.0,1,7,11.0,4.0,0.0,17.0,5.0,5.0
2025-07-09,0.0,0,27.636363636363637,31.0,2,7,0.0,3.0,0.0,20.0,4.428571428571429,4.433333333333334
2025-07-10,2.0,0,26.9375,29.0,3,7,0.0,0.0,2.0,4.0,4.0,3.7666666666666666
2025-07-11,2.0,0,28.071428571428573,26.0,4,7,2.0,0.0,7.0,6.0,4.285714285714286,3.7
2025-07-12,3.0,0,28.352941176470587,28.0,5,7,2.0,12.0,0.0,9.0,4.571428571428571,3.566666666666667
2025-07-13,5.0,0,28.029411764705884,27.0,6,7,3.0,5.0,4.0,7.0,3.2857142857142856,3.3666666666666667
2025-07-14,4.0,0,27.928571428571427,30.0,0,7,5.0,11.0,1.0,0.0,3.2857142857142856,3.3
2025-07-15,8.0,0,31.0,25.0,1,7,4.0,0.0,4.0,5.0,2.2857142857142856,3.433333333333333
2025-07-16,12.0,0,25.80952380952381,30.0,2,7,8.0,0.0,3.0,3.0,3.4285714285714284,3.533333333333333
2025-07-17,3.0,0,27.636363636363637,26.0,3,7,12.0,2.0,0.0,0.0,5.142857142857143,3.8333333333333335
2025-07-18,0.0,0,27.235294117647058,30.0,4,7,3.0,2.0,0.0,11.0,5.285714285714286,3.933333333333333
2025-07-19,1.0,0,27.03846153846154,29.0,5,7,0.0,3.0,12.0,0.0,5.0,3.566666666666667
2025-07-20,0.0,0,29.35,30.0,6,7,1.0,5.0,5.0,9.0,4.714285714285714,3.6
2025-07-21,0.0,0,26.625,25.0,0,7,0.0,4.0,11.0,7.0,4.0,3.3
2025-07-22,0.0,0,28.7,30.0,1,7,0.0,8.0,0.0,2.0,3.4285714285714284,3.066666666666667
2025-07-23,3.0,0,27.23076923076923,30.0,2,7,0.0,12.0,0.0,1.0,2.2857142857142856,3.0
2025-07-24,6.0,0,25.583333333333332,30.0,3,7,3.0,3.0,2.0,0.0,1.0,3.066666666666667
2025-07-25,6.0,0,29.307692307692307,29.0,4,7,6.0,0.0,2.0,0.0,1.4285714285714286,3.2666666666666666
2025-07-26,5.0,0,27.727272727272727,25.0,5,7,6.0,1.0,3.0,2.0,2.2857142857142856,3.466666666666667
2025-07-27,0.0,0,27.884615384615383,27.0,6,7,5.0,0.0,5.0,7.0,2.857142857142857,3.566666666666667
2025-07-28,0.0,0,28.4,30.0,0,7,0.0,0.0,4.0,0.0,2.857142857142857,3.3333333333333335
2025-07-29,1.0,0,27.736842105263158,29.0,1,7,0.0,0.0,8.0,4.0,2.857142857142857,3.3333333333333335
2025-07-30,2.0,0,28.571428571428573,28.0,2,7,1.0,3.0,12.0,1.0,3.0,3.2333333333333334
2025-07-31,0.0,0,29.0,26.0,3,7,2.0,6.0,3.0,4.0,2.857142857142857,3.2666666666666666
2025-08-01,3.0,0,27.57894736842105,28.0,4,8,0.0,6.0,0.0,3.0,2.0,3.1333333333333333
2025-08-02,2.0,0,29.29032258064516,29.0,5,8,3.0,5.0,1.0,0.0,1.5714285714285714,3.1333333333333333
2025-08-03,0.0,0,27.266666666666666,29.0,6,8,2.0,0.0,0.0,0.0,1.1428571428571428,3.2
2025-08-04,7.0,0,28.8,25.0,0,8,0.0,0.0,0.0,12.0,1.1428571428571428,3.2
2025-08-05,0.0,0,25.785714285714285,27.0,1,8,7.0,1.0,0.0,5.0,2.142857142857143,3.033333333333333
2025-08-06,0.0,0,25.5,30.0,2,8,0.0,2.0,3.0,11.0,2.0,2.8666666666666667
2025-08-07,0.0,0,29.363636363636363,27.0,3,8,0.0,0.0,6.0,0.0,1.7142857142857142,2.5
2025-08-08,0.0,0,27.05263157894737,27.0,4,8,0.0,3.0,6.0,0.0,1.7142857142857142,2.5
2025-08-09,0.0,0,28.783783783783782,26.0,5,8,0.0,2.0,5.0,2.0,1.2857142857142858,2.5
2025-08-10,0.0,0,28.555555555555557,26.0,6,8,0.0,0.0,0.0,2.0,1.0,2.433333333333333
2025-08-11,6.0,0,27.8,26.0,0,8,0.0,7.0,0.0,3.0,1.0,2.3666666666666667
2025-08-12,8.0,0,25.75,27.0,1,8,6.0,0.0,1.0,5.0,0.8571428571428571,2.466666666666667
2025-08-13,10.0,0,27.25,26.0,2,8,8.0,0.0,2.0,4.0,2.0,2.566666666666667
2025-08-14,2.0,0,28.90909090909091,28.0,3,8,10.0,0.0,0.0,8.0,3.4285714285714284,2.7666666666666666
2025-08-15,0.0,0,29.615384615384617,28.0,4,8,2.0,0.0,3.0,12.0,3.7142857142857144,2.566666666666667
2025-08-16,0.0,0,27.26086956521739,27.0,5,8,0.0,0.0,2.0,3.0,3.7142857142857144,2.1666666666666665
2025-08-17,5.0,0,28.0,25.0,6,8,0.0,0.0,0.0,0.0,3.7142857142857144,2.066666666666667
2025-08-18,13.0,0,28.5,25.0,0,8,5.0,6.0,7.0,1.0,4.428571428571429,2.2333333333333334
2025-08-19,0.0,0,26.57894736842105,31.0,1,8,13.0,8.0,0.0,0.0,5.428571428571429,2.6333333333333333
2025-08-20,0.0,0,27.615384615384617,29.0,2,8,0.0,10.0,0.0,0.0,4.285714285714286,2.6333333333333333
2025-08-21,11.0,0,29.0,30.0,3,8,0.0,2.0,0.0,0.0,2.857142857142857,2.6333333333333333
2025-08-22,0.0,0,26.428571428571427,26.0,4,8,11.0,0.0,0.0,3.0,4.142857142857143,3.0
2025-08-23,0.0,0,28.869565217391305,28.0,5,8,0.0,0.0,0.0,6.0,4.142857142857143,2.9
2025-08-24,7.0,0,28.571428571428573,29.0,6,8,0.0,5.0,0.0,6.0,4.142857142857143,2.7
2025-08-25,2.0,0,28.0,25.0,0,8,7.0,13.0,6.0,5.0,4.428571428571429,2.7333333333333334
2025-08-26,0.0,0,27.428571428571427,28.0,1,8,2.0,0.0,8.0,0.0,2.857142857142857,2.6333333333333333
2025-08-27,16.0,0,28.363636363636363,30.0,2,8,0.0,0.0,10.0,0.0,2.857142857142857,2.6333333333333333
2025-08-28,0.0,0,28.153846153846153,25.0,3,8,16.0,11.0,2.0,1.0,5.142857142857143,3.1666666666666665
2025-08-29,5.0,0,26.933333333333334,30.0,4,8,0.0,0.0,0.0,2.0,3.5714285714285716,3.1333333333333333
2025-08-30,2.0,0,27.653846153846153,27.0,5,8,5.0,0.0,0.0,0.0,4.285714285714286,3.2333333333333334
2025-08-31,0.0,0,27.89189189189189,30.0,6,8,2.0,7.0,5.0,3.0,4.571428571428571,3.3
2025-09-01,4.0,0,27.733333333333334,7.0,0,9,0.0,2.0,13.0,2.0,3.5714285714285716,3.2
2025-09-02,0.0,0,30.863636363636363,9.0,1,9,4.0,0.0,0.0,0.0,3.857142857142857,3.2666666666666666
2025-09-03,3.0,0,29.333333333333332,13.0,2,9,0.0,16.0,0.0,7.0,3.857142857142857,3.2666666666666666
2025-09-04,9.0,0,29.125,11.0,3,9,3.0,0.0,11.0,0.0,2.0,3.1333333333333333
2025-09-05,4.0,0,27.263157894736842,10.0,4,9,9.0,5.0,0.0,0.0,3.2857142857142856,3.433333333333333
2025-09-06,1.0,0,27.37142857142857,13.0,5,9,4.0,2.0,0.0,0.0,3.142857142857143,3.566666666666667
2025-09-07,3.0,0,30.666666666666668,12.0,6,9,1.0,0.0,7.0,0.0,3.0,3.6
2025-09-08,2.0,0,28.941176470588236,9.0,0,9,3.0,4.0,2.0,0.0,3.4285714285714284,3.7
2025-09-09,0.0,0,27.75,7.0,1,9,2.0,0.0,0.0,0.0,3.142857142857143,3.7666666666666666
2025-09-10,3.0,0,27.38095238095238,10.0,2,9,0.0,3.0,16.0,6.0,3.142857142857143,3.7666666666666666
2025-09-11,1.0,0,26.764705882352942,7.0,3,9,3.0,9.0,0.0,8.0,3.142857142857143,3.6666666666666665
2025-09-12,0.0,0,28.09090909090909,12.0,4,9,1.0,4.0,5.0,10.0,2.0,3.433333333333333
2025-09-13,1.0,0,27.23076923076923,7.0,5,9,0.0,1.0,2.0,2.0,1.4285714285714286,3.1
2025-09-14,0.0,0,26.6,12.0,6,9,1.0,3.0,0.0,0.0,1.4285714285714286,3.066666666666667
2025-09-15,0.0,0,27.95,9.0,0,9,0.0,2.0,4.0,0.0,1.0,3.066666666666667
2025-09-16,0.0,0,31.357142857142858,13.0,1,9,0.0,0.0,0.0,5.0,0.7142857142857143,3.066666666666667
2025-09-17,0.0,0,29.68421052631579,8.0,2,9,0.0,3.0,3.0,13.0,0.7142857142857143,2.9
2025-09-18,5.0,0,27.454545454545453,10.0,3,9,0.0,1.0,9.0,0.0,0.2857142857142857,2.466666666666667
2025-09-19,12.0,0,26.6875,7.0,4,9,5.0,0.0,4.0,0.0,0.8571428571428571,2.6333333333333333
2025-09-20,0.0,0,28.1,13.0,5,9,12.0,1.0,1.0,11.0,2.5714285714285716,3.033333333333333
2025-09-21,0.0,0,29.8,7.0,6,9,0.0,0.0,3.0,0.0,2.4285714285714284,2.6666666666666665
2025-09-22,3.0,0,28.466666666666665,10.0,0,9,0.0,0.0,2.0,0.0,2.4285714285714284,2.6666666666666665
2025-09-23,0.0,0,26.63157894736842,12.0,1,9,3.0,0.0,0.0,7.0,2.857142857142857,2.7666666666666666
2025-09-24,3.0,0,26.8125,12.0,2,9,0.0,0.0,3.0,2.0,2.857142857142857,2.533333333333333
2025-09-25,4.0,0,28.0,10.0,3,9,3.0,5.0,1.0,0.0,3.2857142857142856,2.566666666666667
2025-09-26,0.0,0,29.7,7.0,4,9,4.0,12.0,0.0,16.0,3.142857142857143,2.7
2025-09-27,4.0,0,29.40740740740741,7.0,5,9,0.0,0.0,1.0,0.0,1.4285714285714286,2.1666666666666665
2025-09-28,0.0,0,26.214285714285715,7.0,6,9,4.0,0.0,0.0,5.0,2.0,2.3
2025-09-29,0.0,0,27.5,10.0,0,9,0.0,3.0,0.0,2.0,2.0,2.1333333333333333
2025-09-30,9.0,0,29.75,13.0,1,9,0.0,0.0,0.0,0.0,1.5714285714285714,2.066666666666667
2025-10-01,1.0,0,30.733333333333334,11.0,2,10,9.0,3.0,0.0,4.0,2.857142857142857,2.3666666666666667
2025-10-02,4.0,0,27.454545454545453,7.0,3,10,1.0,4.0,5.0,0.0,2.5714285714285716,2.2666666666666666
2025-10-03,2.0,0,27.63157894736842,9.0,4,10,4.0,0.0,12.0,3.0,2.5714285714285716,2.4
2025-10-04,0.0,0,28.083333333333332,10.0,5,10,2.0,4.0,0.0,9.0,2.857142857142857,2.3666666666666667
2025-10-05,0.0,0,28.0,11.0,6,10,0.0,0.0,0.0,4.0,2.2857142857142856,2.066666666666667
2025-10-06,1.0,0,27.6875,7.0,0,10,0.0,0.0,3.0,1.0,2.2857142857142856,1.9333333333333333
2025-10-07,5.0,0,28.307692307692307,11.0,1,10,1.0,9.0,0.0,3.0,2.4285714285714284,1.9333333333333333
2025-10-08,0.0,0,28.523809523809526,13.0,2,10,5.0,1.0,3.0,2.0,1.8571428571428572,2.0
2025-10-09,4.0,0,27.818181818181817,11.0,3,10,0.0,4.0,4.0,0.0,1.7142857142857142,1.9333333333333333
2025-10-10,1.0,0,28.416666666666668,11.0,4,10,4.0,2.0,0.0,3.0,1.7142857142857142,2.066666666666667
2025-10-11,0.0,0,27.307692307692307,12.0,5,10,1.0,0.0,4.0,1.0,1.5714285714285714,2.0
2025-10-12,0.0,0,27.636363636363637,10.0,6,10,0.0,0.0,0.0,0.0,1.5714285714285714,1.9666666666666666
2025-10-13,0.0,0,28.46153846153846,9.0,0,10,0.0,1.0,0.0,1.0,1.5714285714285714,1.9666666666666666
2025-10-14,4.0,0,27.545454545454547,7.0,1,10,0.0,5.0,9.0,0.0,1.4285714285714286,1.9333333333333333
2025-10-15,0.0,0,28.157894736842106,10.0,2,10,4.0,0.0,1.0,0.0,1.2857142857142858,2.066666666666667
2025-10-16,0.0,0,28.681818181818183,8.0,3,10,0.0,4.0,4.0,0.0,1.2857142857142858,2.066666666666667
2025-10-17,0.0,0,27.77777777777778,12.0,4,10,0.0,1.0,2.0,0.0,0.7142857142857143,2.066666666666667
2025-10-18,0.0,0,28.928571428571427,10.0,5,10,0.0,0.0,0.0,5.0,0.5714285714285714,2.066666666666667
2025-10-19,7.0,0,27.714285714285715,12.0,6,10,0.0,0.0,0.0,12.0,0.5714285714285714,1.9
2025-10-20,1.0,0,30.22222222222222,13.0,0,10,7.0,0.0,1.0,0.0,1.5714285714285714,1.7333333333333334
2025-10-21,3.0,0,27.45,12.0,1,10,1.0,4.0,5.0,0.0,1.7142857142857142,1.7666666666666666
2025-10-22,0.0,0,28.636363636363637,13.0,2,10,3.0,0.0,0.0,3.0,1.5714285714285714,1.8666666666666667
2025-10-23,0.0,0,31.0,8.0,3,10,0.0,0.0,4.0,0.0,1.5714285714285714,1.7666666666666666
2025-10-24,3.0,0,27.6875,8.0,4,10,0.0,0.0,1.0,3.0,1.5714285714285714,1.7666666666666666
2025-10-25,0.0,0,26.51851851851852,7.0,5,10,3.0,0.0,0.0,4.0,2.0,1.7666666666666666
2025-10-26,2.0,0,28.233333333333334,7.0,6,10,0.0,7.0,0.0,0.0,2.0,1.6333333333333333
2025-10-27,2.0,0,27.5625,7.0,0,10,2.0,1.0,0.0,4.0,1.2857142857142858,1.7
2025-10-28,4.0,0,28.23076923076923,13.0,1,10,2.0,3.0,4.0,0.0,1.4285714285714286,1.6333333333333333
2025-10-29,6.0,0,29.333333333333332,13.0,2,10,4.0,0.0,0.0,0.0,1.5714285714285714,1.7666666666666666
2025-10-30,0.0,0,27.2,10.0,3,10,6.0,0.0,0.0,9.0,2.4285714285714284,1.9666666666666666
2025-10-31,1.0,0,26.28,10.0,4,10,0.0,3.0,0.0,1.0,2.4285714285714284,1.6666666666666667
